{"0": 50.0, "1": 66.33879781420765, "60": 66.50273224043715, "61": 66.33879781420765, "243": 83.16939890710383, "390": 100.0}