{"0": 50.0, "1": 92.69538696149448, "60": 89.4255941034439, "61": 92.85932138772398, "243": 96.34769348074724, "390": 100.0}