{"0": 50.0, "1": 94.3846205215533, "232": 99.55257270693512, "788": 100.0}