{"0": 50.0, "21": 54.050793837271755, "60": 54.07477958288579, "65": 54.050793837271755, "222": 54.07477958288579}