{"0": 50.0, "1": 99.49664429530202, "159": 97.18544047403108, "668": 95.94594594594594}