{"0": 50.0, "1": 99.49664429530202, "159": 95.45454545454545, "668": 95.45454545454545}