{"0": 50.0, "1": 80.95238095238095, "1159": 95.23809523809524}