{"0": 50.0, "1": 83.33333333333334, "1159": 91.49888143176733}