{"0": 50.0, "1": 84.98387096774194, "65": 89.98924731182795, "534": 94.99462365591398, "671": 100.0}