{"0": 50.0, "1": 93.73076923076923, "65": 95.82051282051282, "534": 97.91025641025641, "671": 100.0}