{"0": 50.0, "1": 84.98387096774194, "39": 78.86559139784947, "50": 89.98924731182795, "237": 94.99462365591398, "242": 100.0}