{"0": 50.0, "1": 93.73076923076923, "39": 50.0, "50": 95.82051282051282, "237": 97.91025641025641, "242": 100.0}