{"0": 50.0, "1": 92.69538696149448, "54": 96.34769348074724, "511": 100.0}