{"0": 50.0, "1": 66.33879781420765, "54": 83.16939890710383, "511": 100.0}