{"0": 50.0, "1": 99.49664429530202, "470": 50.0, "689": 96.15384615384616}