{"0": 50.0, "1": 91.7719298245614, "309": 95.88596491228071}