{"0": 50.0, "1": 93.41666666666666, "309": 96.70833333333334}