{"0": 50.0, "1": 63.04347826086956, "42": 92.84131819440599, "416": 99.36305732484077, "437": 99.52229299363057}