{"0": 50.0, "1": 60.0, "42": 94.20382165605096, "416": 94.36305732484077, "437": 99.36305732484077}