{"0": 50.0, "1": 88.63636363636363, "4654": 93.18181818181819, "13802": 100.0}