{"0": 50.0, "1": 93.10095980370932, "149": 99.4407158836689, "224": 100.0}