{"0": 50.0, "1": 60.526315789473685, "8109": 94.73684210526315, "26187": 100.0}