{"0": 50.0, "1": 87.09677419354838, "8109": 95.16129032258064, "26187": 100.0}