{"0": 50.0, "18": 95.11897498474679, "431": 95.45454545454545, "610": 100.0}