{"0": 50.0, "18": 95.62199728609674, "431": 95.90163934426229, "610": 100.0}