{"0": 50.0, "1": 93.1503920171062, "283": 96.57519600855309}