{"0": 50.0, "1": 74.67213114754098, "283": 87.3360655737705}