{"0": 50.0, "1": 93.1503920171062, "489": 96.57519600855309, "1993": 99.8360655737705}