{"0": 50.0, "1": 74.67213114754098, "489": 87.3360655737705, "1993": 99.8360655737705}