{"0": 50.0, "1": 87.17213114754098, "76": 93.5860655737705, "557": 93.75}