{"0": 50.0, "1": 56.81818181818182, "46": 98.47494553376907, "60": 96.37304416716182, "122": 99.78213507625273, "234": 99.94553376906319}