{"0": 50.0, "1": 64.28571428571429, "46": 82.93650793650794, "60": 92.36694677871148, "122": 92.53034547152194, "234": 99.67320261437908}