{"0": 50.0, "1": 99.3847874720358, "98": 98.33146905294556, "674": 95.83333333333334}