{"0": 50.0, "1": 99.49664429530202, "98": 50.0, "674": 96.15384615384616}