{"0": 50.0, "1": 88.63636363636363, "1248": 98.75252525252526}