{"0": 50.0, "1": 56.81818181818182, "27": 58.92255892255893, "66": 98.20426487093154, "67": 97.29236812570147, "133": 98.3726150392817, "136": 98.4287317620651}