{"0": 50.0, "1": 64.28571428571429, "27": 64.28571428571429, "66": 82.34728234728234, "67": 94.75709475709476, "133": 89.82683982683983, "136": 94.92544492544494}