{"0": 50.0, "1": 88.0952380952381, "4644": 95.23809523809524, "23908": 100.0}