{"0": 50.0, "1": 93.1503920171062, "362": 96.57519600855309, "20934": 96.73913043478261}