{"0": 50.0, "1": 74.67213114754098, "362": 87.3360655737705, "20934": 50.0}