{"0": 50.0, "1": 88.0952380952381, "1242": 97.61904761904762}