{"0": 50.0, "6": 65.47619047619048, "7": 65.5952380952381, "53": 65.59523809523809, "136": 75.5952380952381, "2499": 77.5}