{"0": 50.0, "91": 49.839228295819936, "304": 68.02104647763812}