{"0": 50.0, "91": 53.946409431939976, "304": 67.83922829581994}