{"0": 50.0, "1": 83.33333333333334, "2731": 83.33333333333334}