{"0": 50.0, "1": 95.96296296296296, "323": 97.98148148148148}