{"0": 50.0, "1": 91.7719298245614, "471": 95.88596491228071, "23689": 100.0}