{"0": 50.0, "1": 93.41666666666666, "471": 96.70833333333334, "23689": 53.125}