{"0": 50.0, "1": 97.91025641025641, "154": 96.15384615384616, "2054": 100.0}