{"0": 50.0, "1": 94.99462365591398, "154": 95.05017921146953, "2054": 100.0}