{"0": 50.0, "1": 79.16666666666667, "1264": 99.88814317673378}