{"0": 50.0, "1": 95.11897498474679, "571": 95.45454545454545, "875": 100.0}