{"0": 50.0, "1": 95.62199728609674, "571": 95.90163934426229, "875": 100.0}