{"0": 50.0, "1": 95.82051282051282, "68": 97.91025641025641, "206": 100.0}