{"0": 50.0, "1": 89.98924731182795, "68": 94.99462365591398, "206": 100.0}