{"0": 50.0, "12": 59.16666666666667, "13": 65.5952380952381, "31": 75.5952380952381, "2499": 77.5}