{"0": 50.0, "1": 89.66666666666666, "77": 94.83333333333334, "486": 95.0}