{"0": 50.0, "1": 77.77777777777777, "44": 77.77777777777777, "922": 88.72110365398956}