{"0": 50.0, "1": 75.75757575757575, "44": 89.00244051250763, "922": 99.77628635346755}