{"0": 50.0, "21": 49.83870967741935, "26": 74.03225806451613, "219": 73.38709677419355}