{"0": 50.0, "21": 52.80337941628264, "26": 85.17665130568356, "219": 97.87250384024577}