{"0": 50.0, "1": 93.41666666666666, "238": 96.70833333333334}