{"0": 50.0, "1": 97.65830172162242, "157": 97.82608695652175, "1078": 100.0}