{"0": 50.0, "1": 94.3846205215533, "157": 94.77611940298507, "1078": 100.0}