{"0": 50.0, "1": 76.66666666666667, "16713": 88.16554809843402, "23582": 100.0}