{"0": 50.0, "1": 97.65830172162242, "142": 97.82608695652175, "726": 100.0}