{"0": 50.0, "1": 94.3846205215533, "142": 94.77611940298507, "726": 100.0}