{"0": 50.0, "1": 91.7719298245614, "373": 95.88596491228071, "27893": 96.05263157894737}