{"0": 50.0, "1": 93.41666666666666, "373": 96.70833333333334, "27893": 50.0}