{"0": 50.0, "1": 93.10095980370932, "133": 99.4407158836689, "207": 100.0}