{"0": 50.0, "1": 93.10095980370932, "377": 93.54838709677419, "496": 100.0}