{"0": 50.0, "53": 55.55555555555556, "1092": 64.64702957991548, "11829": 95.68108376833209}