{"0": 50.0, "6": 49.83870967741935, "22": 50.0, "62": 74.03225806451613, "218": 49.193548387096776}