{"0": 50.0, "6": 52.80337941628264, "22": 52.857142857142854, "62": 85.17665130568356, "218": 89.6236559139785}