{"0": 50.0, "1": 66.33879781420765, "44": 83.16939890710383, "174": 100.0}