{"0": 50.0, "16": 55.0, "28": 69.0228013029316, "222": 89.0228013029316}