{"0": 50.0, "16": 52.4457111834962, "28": 84.34853420195441, "222": 95.4899565689468}