{"0": 50.0, "2": 75.0, "35": 86.37820512820514, "109": 98.87820512820514, "136": 99.03846153846155}