{"0": 50.0, "2": 62.5, "35": 93.10897435897436, "109": 99.35897435897436, "136": 99.51923076923077}