{"0": 50.0, "4": 55.50297932001402, "36": 55.55555555555556, "112": 58.333333333333336, "287": 83.28075709779179}