{"0": 50.0, "4": 49.8422712933754, "36": 50.0, "112": 57.142857142857146, "287": 63.97025687246507}