{"0": 50.0, "11": 50.75187969924812, "15": 52.255639097744364, "26": 50.76923076923077, "34": 56.15384615384615, "45": 57.69230769230769, "115": 59.23076923076923, "521": 60.902255639097746, "1": 49.23076923076923, "5": 50.37593984962406, "25": 50.751879699248114, "12": 53.84615384615384, "89": 69.56521739130434, "6": 50.76923076923077, "21": 49.230769230769226}