{"0": 50.0, "3": 58.333333333333336, "19": 66.66666666666667, "29": 75.0, "92305": 100.0}