{"0": 50.0, "1": 84.98387096774194, "25": 89.98924731182795, "437": 94.99462365591398, "438": 100.0}