{"0": 50.0, "1": 93.73076923076923, "25": 95.82051282051282, "437": 97.91025641025641, "438": 100.0}