{"0": 50.0, "9": 50.0, "71": 95.98717948717949, "770": 97.91025641025641, "72442": 100.0}