{"0": 50.0, "2": 50.0, "4": 51.875228919858536, "5": 55.195129786301436, "6": 54.8318602402983, "9": 57.99234281837123, "12": 72.96355145517974, "76": 75.6983556799145}