{"0": 50.0, "1": 95.11897498474679, "620": 95.45454545454545, "643": 100.0}