{"0": 50.0, "1": 95.62199728609674, "620": 95.84571093262917, "643": 100.0}