{"0": 50.0, "1": 75.0, "7306": 87.33164983164983, "13169": 99.94388327721661}