{"0": 50.0, "1": 83.33333333333334, "7306": 91.4983164983165, "13169": 91.66666666666666}