{"0": 50.0, "1": 79.6875, "66": 89.84375, "1168": 90.0, "1774": 89.84375}