{"0": 50.0, "1": 78.25892857142857, "66": 89.23363095238095, "1168": 89.28571428571428, "1774": 96.42857142857143}