{"0": 50.0, "39": 50.0, "235": 77.45833333333334, "593": 77.45833333333334}