{"0": 50.0, "39": 66.88304093567251, "235": 94.83040935672514, "593": 93.19883040935673}