{"0": 50.0, "1": 84.98387096774194, "41": 89.98924731182795, "203": 94.99462365591398, "209": 100.0}