{"0": 50.0, "1": 93.73076923076923, "41": 95.82051282051282, "203": 97.91025641025641, "209": 100.0}