{"0": 50.0, "1": 60.526315789473685, "2018": 60.526315789473685}