{"0": 50.0, "1": 66.33879781420765, "19": 83.16939890710383, "361": 100.0}