{"0": 50.0, "94": 54.54545454545455, "305": 68.02104647763812}