{"0": 50.0, "1": 89.04308044224172, "17": 92.69538696149448, "222": 96.34769348074724, "256": 100.0}