{"0": 50.0, "1": 49.50819672131148, "17": 66.33879781420765, "222": 83.16939890710383, "256": 100.0}