{"0": 50.0, "1": 75.75757575757575, "10174": 87.7104377104377, "26758": 100.0}