{"0": 50.0, "1": 86.64285714285714, "59": 82.85714285714286, "392": 95.54761904761905, "492": 100.0}