{"0": 50.0, "1": 66.33879781420765, "50": 83.16939890710383, "196": 100.0}