{"0": 50.0, "1": 92.69538696149448, "50": 96.34769348074724, "196": 100.0}