{"0": 50.0, "1": 64.28571428571429, "21": 82.93650793650794, "40": 92.36694677871148, "427": 92.53034547152194, "627": 99.67320261437908}