{"0": 50.0, "1": 75.75757575757575, "2187": 99.88776655443323}