{"0": 50.0, "1": 83.33333333333334, "2187": 91.4983164983165}