{"0": 50.0, "6": 59.16666666666667, "13": 65.5952380952381, "117": 75.5952380952381, "2499": 77.5}