{"0": 50.0, "4": 50.0, "64": 50.0, "83": 49.516129032258064, "87": 49.193548387096776, "946": 59.516129032258064}