{"0": 50.0, "4": 51.5625, "64": 60.66868279569893, "83": 60.77620967741935, "87": 63.847446236559136, "946": 83.78360215053763}