{"0": 50.0, "1": 95.82051282051282, "78": 97.91025641025641, "261": 100.0}