{"0": 50.0, "1": 89.98924731182795, "78": 94.99462365591398, "261": 100.0}