{"0": 50.0, "1": 80.95238095238095, "1159": 97.5631192074145}