{"0": 50.0, "1": 83.33333333333334, "1159": 91.66666666666666}