{"0": 50.0, "1": 88.0952380952381, "4640": 95.23809523809524, "91893": 100.0}