{"0": 50.0, "1": 95.54761904761905, "184": 95.60317460317461, "247": 100.0}