{"0": 50.0, "1": 77.77777777777777, "5": 77.77777777777777, "1272": 77.77777777777777}