{"0": 50.0, "1": 75.75757575757575, "5": 89.00244051250763, "1272": 99.83221476510067}