{"0": 50.0, "2": 64.28571428571429, "14": 82.93650793650794, "39": 92.36694677871148, "146": 92.53034547152194, "291": 99.67320261437908}