{"0": 50.0, "2": 56.81818181818182, "14": 98.47494553376907, "39": 96.37304416716182, "146": 99.78213507625273, "291": 99.94553376906319}