{"0": 50.0, "2799": 71.42857142857143, "7959": 64.12798557908968}