{"0": 50.0, "2799": 72.16964598668068, "7959": 72.22222222222223}