{"0": 50.0, "1": 99.49664429530202, "643": 96.15384615384616}