{"0": 50.0, "1": 83.33333333333334, "3821": 91.49888143176733, "12149": 91.66666666666666}