{"0": 50.0, "1": 76.66666666666667, "3821": 88.16554809843402, "12149": 99.94407158836688}