{"0": 50.0, "1": 89.04308044224172, "32": 92.69538696149448, "178": 96.34769348074724, "182": 100.0}