{"0": 50.0, "1": 49.50819672131148, "32": 66.33879781420765, "178": 83.16939890710383, "182": 100.0}