{"0": 50.0, "1": 92.69538696149448, "44": 96.34769348074724, "301": 100.0}