{"0": 50.0, "1": 83.33333333333334, "16782": 91.4983164983165, "23368": 100.0}