{"0": 50.0, "1": 76.66666666666667, "1897": 98.27740492170022}