{"0": 50.0, "1": 49.50819672131148, "41": 66.33879781420765, "408": 83.16939890710383, "414": 100.0}