{"0": 50.0, "208": 88.02161890397184, "2026": 88.12845651080946}