{"0": 50.0, "208": 79.67948717948718, "2026": 79.67948717948718}