{"0": 50.0, "1": 86.64285714285714, "56": 91.0952380952381, "218": 95.54761904761905, "230": 100.0}