{"0": 50.0, "1": 87.17213114754098, "81": 93.5860655737705, "437": 93.75}