{"0": 50.0, "2": 72.38038554376219, "4": 72.38038554376219}