{"0": 50.0, "31": 49.8422712933754, "39": 57.142857142857146, "288": 64.12798557908968}