{"0": 50.0, "31": 55.50297932001402, "39": 58.333333333333336, "288": 80.55555555555556}