{"0": 50.0, "1": 93.41666666666666, "449": 96.70833333333334, "74450": 96.875}