{"0": 50.0, "17": 55.82893413775767, "68": 55.88235294117647, "89": 58.82352941176471, "622": 88.02161890397184, "1129": 96.84514831573655}