{"0": 50.0, "17": 50.0, "68": 50.0, "89": 58.333333333333336, "622": 91.50641025641025, "1129": 99.83974358974359}