{"0": 50.0, "1": 83.16939890710383, "156": 83.16939890710383, "1774": 100.0}