{"0": 50.0, "1": 96.34769348074724, "156": 95.29419240055915, "1774": 100.0}