{"0": 50.0, "32": 58.333333333333336, "77": 66.66666666666667, "134": 75.0, "11809": 100.0}