{"0": 50.0, "1": 78.25892857142857, "63": 89.07738095238095, "65": 89.23363095238095, "656": 89.28571428571428, "1774": 96.42857142857143}