{"0": 50.0, "1": 86.64285714285714, "23": 91.0952380952381, "215": 100.0}