{"0": 50.0, "3": 49.83870967741935, "9": 59.83870967741935, "13": 49.193548387096776, "25": 49.193548387096776, "12779": 73.54838709677419}