{"0": 50.0, "3": 51.5625, "9": 57.65120967741935, "13": 63.79368279569893, "25": 63.847446236559136, "12779": 94.88239247311827}