{"0": 50.0, "6": 59.94444444444444, "15": 72.8015873015873, "29": 82.74603174603175, "68": 95.54761904761905, "152": 95.60317460317461, "23681": 100.0}