{"0": 50.0, "1": 79.6875, "80": 89.375, "81": 89.84375, "1158": 90.0, "439379": 99.84375}