{"0": 50.0, "1": 89.66666666666666, "21": 94.83333333333334, "700": 95.0}