{"0": 50.0, "1": 91.97435897435898, "21": 95.98717948717949, "700": 96.15384615384616}