{"0": 50.0, "4": 55.50297932001402, "13": 58.333333333333336, "493": 72.01191728005608, "3502": 97.16964598668068}