{"0": 50.0, "4": 57.142857142857146, "13": 57.142857142857146, "493": 71.27084272194682, "3502": 78.09824245155475}