{"0": 50.0, "6": 59.16666666666667, "9": 65.47619047619048, "14": 65.5952380952381, "54": 75.5952380952381}