{"0": 50.0, "1": 83.96391881733902, "26": 57.529441242796295, "32": 72.42545727887747, "935": 67.76497118516663}