{"0": 50.0, "1": 75.65840971643563, "26": 57.97666843420953, "32": 75.92985379895462, "935": 86.50354771103198}