{"0": 50.0, "1": 74.67213114754098, "340": 87.3360655737705, "28160": 50.0}