{"0": 50.0, "1": 88.0952380952381, "6296": 95.23809523809524, "14437": 100.0}