{"0": 50.0, "1": 79.16666666666667, "28179": 89.58333333333334}