{"0": 50.0, "11": 50.75187969924812, "15": 52.255639097744364, "26": 53.07692307692308, "34": 52.30769230769231, "45": 57.69230769230769, "115": 65.38461538461539, "521": 60.902255639097746, "1": 49.23076923076923, "5": 50.37593984962406, "25": 50.751879699248114, "12": 56.92307692307692, "89": 69.56521739130434, "6": 50.76923076923077, "21": 55.38461538461539}