{"0": 50.0, "1": 97.65830172162242, "145": 97.65830172162242, "165": 100.0}