{"0": 50.0, "1": 83.33333333333334, "2521": 91.4983164983165, "13327": 91.66666666666666}