{"0": 50.0, "1": 75.75757575757575, "2521": 87.7104377104377, "13327": 99.94388327721661}