{"0": 50.0, "94": 85.02702362996482, "96": 88.02161890397184}