{"0": 50.0, "94": 83.01282051282053, "96": 91.50641025641025}