{"0": 50.0, "1": 60.526315789473685, "1284": 60.526315789473685}