{"0": 50.0, "1": 87.09677419354838, "1284": 95.74916270051119}