{"0": 50.0, "1": 91.97435897435898, "27": 95.98717948717949, "268": 96.15384615384616}