{"0": 50.0, "1": 87.17213114754098, "103": 93.5860655737705, "647": 93.75}