{"0": 50.0, "1": 83.33333333333334, "1404": 83.33333333333334}