{"0": 50.0, "1": 75.75757575757575, "1404": 99.83164983164983}