{"0": 50.0, "12": 53.57142857142857, "158": 50.0, "207": 67.69102990033223}