{"0": 50.0, "12": 53.191489361702125, "158": 67.4206545557362, "207": 82.2035296058057}