{"0": 50.0, "45": 51.724137931034484, "274": 55.1170428074999, "4029": 80.9237407874136}