{"0": 50.0, "45": 49.83388704318937, "274": 49.33554817275748, "4029": 48.006644518272424}