{"0": 50.0, "1": 49.50819672131148, "46": 66.33879781420765, "174": 100.0}