{"0": 50.0, "1": 89.04308044224172, "46": 92.69538696149448, "174": 100.0}