{"0": 50.0, "1": 95.82051282051282, "67": 97.91025641025641, "275": 100.0}