{"0": 50.0, "1": 89.98924731182795, "67": 94.99462365591398, "275": 100.0}