{"0": 50.0, "11": 51.503759398496236, "15": 52.255639097744364, "26": 56.015037593984964, "34": 56.39097744360902, "45": 62.40601503759398, "115": 57.14285714285714, "521": 60.902255639097746, "1": 49.24812030075188, "5": 50.751879699248114, "25": 50.751879699248114}