{"0": 50.0, "3": 51.16279069767442, "27": 89.04308044224172, "28": 89.20701486847122, "37": 88.20815859702631, "22320": 92.69538696149448, "22418": 100.0}