{"0": 50.0, "3": 50.0, "27": 49.50819672131148, "28": 49.50819672131148, "37": 49.67213114754098, "22320": 66.33879781420765, "22418": 100.0}