{"0": 50.0, "1": 99.49664429530202, "140": 95.83333333333334, "319": 95.83333333333334}