{"0": 50.0, "1": 99.55257270693512, "140": 96.04198933057992, "319": 96.15384615384616}