{"0": 50.0, "1": 66.33879781420765, "56": 83.16939890710383, "288": 100.0}