{"0": 50.0, "1": 92.69538696149448, "56": 96.34769348074724, "288": 100.0}