{"0": 50.0, "1": 89.66666666666666, "62": 94.83333333333334, "736": 95.0}