{"0": 50.0, "1": 91.97435897435898, "62": 95.98717948717949, "736": 96.15384615384616}