{"0": 50.0, "1": 95.82051282051282, "24": 97.91025641025641, "596": 100.0}