{"0": 50.0, "92": 89.83974358974359, "104": 79.67948717948718, "1744": 79.67948717948718}