{"0": 50.0, "92": 85.02702362996482, "104": 88.02161890397184, "1744": 88.12845651080946}