{"0": 50.0, "1": 95.62199728609674, "312": 95.84571093262917, "612": 100.0}