{"0": 50.0, "1": 95.11897498474679, "312": 95.45454545454545, "612": 100.0}