{"0": 50.0, "1": 79.6875, "49": 89.84375, "756": 90.0, "20571": 99.84375}