{"0": 50.0, "1": 78.25892857142857, "49": 89.23363095238095, "756": 89.28571428571428, "20571": 100.0}