{"0": 50.0, "1": 83.33333333333334, "7277": 91.4983164983165, "23368": 100.0}