{"0": 50.0, "1": 91.0952380952381, "46": 95.54761904761905, "260": 100.0}