{"0": 50.0, "2": 60.89474640183016, "4": 55.206350612154225, "5": 50.0, "6": 54.06835622031547, "9": 50.0, "12": 49.29091135622632, "76": 75.6983556799145, "3": 73.04100892862505, "7": 50.79123709792666, "73": 51.48257507070247, "10": 49.98877917414722, "14": 73.04100892862505, "78": 51.41525011558577, "1": 52.07119932990279, "72": 74.52425950054942, "13": 50.657675495217454, "30": 60.20123181400599, "33": 72.96355145517974, "36": 55.195129786301436, "37": 59.25290315414037, "83": 57.632338194940644, "75": 57.49877659223144, "32": 60.89474640183016, "77": 57.867975537849084, "8": 50.45678893739154, "74": 51.25924686117099, "80": 51.49379589655525, "17": 50.668896321070235, "69": 50.15600325441478, "71": 75.8217847642951, "15": 50.836120401337794}