{"0": 50.0, "95": 89.07738095238095, "96": 89.23363095238095}