{"0": 50.0, "1": 89.99471179270228, "57": 94.99735589635114, "140": 95.05200070509431, "873": 95.16129032258064}