{"0": 50.0, "1": 87.17213114754098, "57": 93.5860655737705, "140": 93.75, "873": 93.75}