{"0": 50.0, "1": 60.526315789473685, "2018": 68.25711820534944}