{"0": 50.0, "1": 87.09677419354838, "2018": 99.61748633879782}