{"0": 50.0, "190": 85.02702362996482, "193": 88.02161890397184}