{"0": 50.0, "190": 89.83974358974359, "193": 79.67948717948718}