{"0": 50.0, "43": 66.61220043572985, "47": 66.66666666666667, "149": 75.0, "938": 100.0}