{"0": 50.0, "1": 95.82051282051282, "40": 97.91025641025641, "191": 100.0}