{"0": 50.0, "1": 89.98924731182795, "40": 94.99462365591398, "191": 100.0}