{"0": 50.0, "8": 53.57142857142857, "16": 62.62458471760797, "122": 50.0, "206": 67.69102990033223}