{"0": 50.0, "8": 52.07228858886454, "16": 75.3775829975731, "122": 67.4206545557362, "206": 82.2035296058057}