{"0": 50.0, "1": 60.526315789473685, "2215": 94.73684210526315, "101408": 100.0}