{"0": 50.0, "1": 87.09677419354838, "2215": 95.16129032258064, "101408": 100.0}