{"0": 50.0, "1": 87.17213114754098, "47": 93.5860655737705, "724": 93.75}