{"0": 50.0, "1": 89.99471179270228, "47": 94.99735589635114, "724": 95.16129032258064}