{"0": 50.0, "31": 49.8422712933754, "41": 57.142857142857146, "2828": 63.97025687246507, "3503": 78.25597115817936}