{"0": 50.0, "31": 55.50297932001402, "41": 58.333333333333336, "2828": 72.01191728005608, "3503": 97.16964598668068}