{"0": 50.0, "1": 95.96296296296296, "315": 96.12962962962963, "495": 97.98148148148148}