{"0": 50.0, "1": 90.84313725490196, "315": 91.00980392156863, "495": 95.42156862745098}