{"0": 50.0, "2": 65.47619047619048, "3": 65.5952380952381, "33": 75.5952380952381}