{"0": 50.0, "40": 89.07738095238095, "41": 89.23363095238095}