{"0": 50.0, "1": 80.26960784313727, "32": 56.08660130718954, "45": 80.26960784313727, "55": 59.375, "987": 68.42320261437908}