{"0": 50.0, "1": 77.171544946481, "32": 60.706166524580844, "45": 77.4438761011651, "55": 63.04347826086956, "987": 75.81462536705503}