{"0": 50.0, "1": 83.33333333333334, "19567": 91.4983164983165, "26758": 100.0}