{"0": 50.0, "1": 99.49664429530202, "100": 50.0, "691": 96.15384615384616}