{"0": 50.0, "1": 95.11897498474679, "274": 95.11897498474679, "284": 100.0}