{"0": 50.0, "12": 65.47619047619048, "13": 65.5952380952381, "107": 75.5952380952381}