{"0": 50.0, "1": 95.11897498474679, "142": 95.45454545454545, "613": 100.0}