{"0": 50.0, "1": 95.62199728609674, "142": 95.84571093262917, "613": 100.0}