{"0": 50.0, "1": 95.82051282051282, "75": 97.91025641025641, "657": 100.0}