{"0": 50.0, "1": 89.66666666666666, "96": 94.83333333333334, "215": 95.0, "25417": 98.33333333333334}