{"0": 50.0, "1": 91.97435897435898, "96": 95.98717948717949, "215": 96.15384615384616, "25417": 95.98717948717949}