{"0": 50.0, "1": 91.97435897435898, "98": 95.98717948717949, "862": 96.15384615384616, "2019": 96.15384615384616}