{"0": 50.0, "1": 89.66666666666666, "98": 94.83333333333334, "862": 95.0, "2019": 96.66666666666666}