{"0": 50.0, "1": 80.95238095238095, "1431": 90.47619047619048}