{"0": 50.0, "1": 75.75757575757575, "2186": 99.88776655443323}