{"0": 50.0, "1": 88.0952380952381, "11640": 95.23809523809524, "23893": 100.0}