{"0": 50.0, "1": 83.33333333333334, "1936": 83.33333333333334}