{"0": 50.0, "11": 50.75187969924812, "15": 52.255639097744364, "26": 50.76923076923077, "34": 56.92307692307693, "45": 58.46153846153847, "115": 64.61538461538461, "521": 60.902255639097746, "1": 49.23076923076923, "5": 50.37593984962406, "25": 50.751879699248114, "12": 51.53846153846153, "89": 69.56521739130434, "6": 50.769230769230774}