{"0": 50.0, "1": 88.63636363636363, "8708": 93.18181818181819, "82720": 100.0}