{"0": 50.0, "1": 49.50819672131148, "39": 66.33879781420765, "423": 83.16939890710383, "431": 100.0}