{"0": 50.0, "1": 89.04308044224172, "39": 92.69538696149448, "423": 96.34769348074724, "431": 100.0}