{"0": 50.0, "2": 50.0, "12": 50.0, "53": 66.33879781420765, "62": 66.50273224043715, "80": 66.33879781420765, "23989": 83.16939890710383, "24035": 100.0}