{"0": 50.0, "2": 51.16279069767442, "12": 55.70466387088575, "53": 92.69538696149448, "62": 89.4255941034439, "80": 92.85932138772398, "23989": 96.34769348074724, "24035": 100.0}