{"0": 50.0, "2": 64.28571428571429, "47": 82.93650793650794, "51": 92.36694677871148, "155": 99.67320261437908}