{"0": 50.0, "2": 56.81818181818182, "47": 98.47494553376907, "51": 96.37304416716182, "155": 99.94553376906319}