{"0": 50.0, "2": 50.0, "4": 51.875228919858536, "5": 51.026799385143775, "6": 54.06835622031547, "9": 57.99234281837123, "12": 72.96355145517974, "76": 75.6983556799145, "3": 52.44692812066553, "7": 52.85883375464594, "73": 75.47149985289084, "10": 56.386338663288164, "14": 73.04100892862505, "78": 73.90024648289031}