{"0": 50.0, "1": 75.65840971643563, "504": 70.27876676009393, "642": 75.92985379895462}