{"0": 50.0, "1": 83.96391881733902, "504": 83.96391881733902, "642": 72.42545727887747}