{"0": 50.0, "7470": 59.83221476510067, "193520": 79.32885906040269}