{"0": 50.0, "6": 66.6135881104034, "71": 75.0, "6465": 99.89384288747345, "91880": 100.0}