{"0": 50.0, "11": 53.7593984962406, "15": 53.00751879699248, "26": 54.88721804511278, "34": 55.639097744360896, "45": 63.53383458646616, "115": 57.14285714285714, "521": 58.64661654135338}