{"0": 50.0, "1": 99.49664429530202, "306": 95.77816071104661, "389": 95.94594594594594}