{"0": 50.0, "1": 66.33879781420765, "51": 83.16939890710383, "333": 100.0}