{"0": 50.0, "1": 96.34769348074724, "163": 95.29419240055915, "278": 100.0}