{"0": 50.0, "1": 83.16939890710383, "163": 83.16939890710383, "278": 100.0}