{"0": 50.0, "1": 49.50819672131148, "19": 66.33879781420765, "264": 100.0}