{"0": 50.0, "1": 76.66666666666667, "7529": 88.16554809843402, "23584": 100.0}