{"0": 50.0, "1": 83.33333333333334, "7529": 91.49888143176733, "23584": 100.0}