{"0": 50.0, "2": 51.00544604096239, "4": 51.875228919858536, "5": 55.195129786301436, "6": 54.8318602402983, "9": 57.99234281837123, "12": 72.96355145517974, "76": 75.6983556799145, "3": 52.44692812066553, "7": 72.2486835231742, "73": 75.47149985289084}