{"0": 50.0, "1": 91.0952380952381, "51": 95.54761904761905, "235": 100.0}