{"0": 50.0, "11": 50.75187969924812, "15": 52.255639097744364, "26": 53.38345864661654, "34": 55.639097744360896, "45": 59.02255639097744, "115": 57.14285714285714, "521": 60.902255639097746, "1": 49.24812030075188, "5": 50.37593984962406, "25": 50.751879699248114}