{"0": 50.0, "1": 95.11897498474679, "679": 95.45454545454545, "800": 100.0}