{"0": 50.0, "1": 91.0952380952381, "35": 95.54761904761905, "247": 100.0}