{"0": 50.0, "1": 49.50819672131148, "51": 66.33879781420765, "203": 83.16939890710383, "207": 100.0}