{"0": 50.0, "1": 89.04308044224172, "51": 92.69538696149448, "203": 96.34769348074724, "207": 100.0}