{"0": 50.0, "670": 49.193548387096776, "60008": 48.38709677419355}