{"0": 50.0, "670": 63.847446236559136, "60008": 74.78494623655914}