{"0": 50.0, "1": 99.49664429530202, "155": 95.83333333333334}