{"0": 50.0, "1": 99.55257270693512, "155": 96.15384615384616}