{"0": 50.0, "1": 95.54761904761905, "28": 95.60317460317461, "1622": 100.0}