{"0": 50.0, "1": 90.84313725490196, "862": 95.42156862745098}