{"0": 50.0, "42": 49.83388704318937, "315": 49.33554817275748}