{"0": 50.0, "42": 51.724137931034484, "315": 63.4608775346546}