{"0": 50.0, "1": 88.63636363636363, "5410": 93.18181818181819, "22997": 100.0}