{"0": 50.0, "1": 95.62199728609674, "232": 95.90163934426229, "780": 100.0}