{"0": 50.0, "1": 95.11897498474679, "232": 95.45454545454545, "780": 100.0}