{"0": 50.0, "3": 51.16279069767442, "15": 56.92209937730334, "31": 96.34769348074724, "36": 95.29419240055915, "25160": 100.0}