{"0": 50.0, "3": 50.0, "15": 50.0, "31": 83.16939890710383, "36": 83.16939890710383, "25160": 100.0}