{"0": 50.0, "1": 97.91025641025641, "256": 96.15384615384616, "268": 100.0}