{"0": 50.0, "1": 94.99462365591398, "256": 95.05017921146953, "268": 100.0}