{"0": 50.0, "277": 51.724137931034484, "316": 55.1170428074999}