{"0": 50.0, "277": 49.83388704318937, "316": 49.667774086378735}