{"0": 50.0, "5": 50.0, "11": 51.94375516956162, "216": 50.992555831265506, "8": 51.94375516956162, "244": 57.11331679073615}