{"0": 50.0, "1": 74.67213114754098, "211": 87.3360655737705}