{"0": 50.0, "1": 93.1503920171062, "211": 96.57519600855309}