{"0": 50.0, "1": 99.49664429530202, "171": 95.83333333333334, "197477": 100.0}