{"0": 50.0, "1": 99.55257270693512, "171": 96.15384615384616, "197477": 100.0}