{"0": 50.0, "1": 77.77777777777777, "564": 83.33333333333334, "1272": 77.77777777777777}