{"0": 50.0, "1": 75.75757575757575, "564": 91.92088671954443, "1272": 99.83221476510067}