{"0": 50.0, "1": 76.66666666666667, "1278": 99.83221476510067}