{"0": 50.0, "1": 83.33333333333334, "1278": 83.33333333333334}