{"0": 50.0, "2": 60.89474640183016, "4": 51.875228919858536, "5": 51.026799385143775, "6": 54.06835622031547, "9": 50.0, "12": 49.29091135622632, "76": 75.6983556799145, "3": 73.04100892862505, "7": 52.85883375464594, "73": 73.83400983529779, "10": 56.386338663288164, "14": 73.04100892862505, "78": 73.90024648289031, "1": 52.07119932990279, "72": 75.47149985289084, "13": 54.69972469572423, "30": 72.51907165116516, "33": 72.96355145517974, "36": 55.195129786301436, "37": 59.25290315414037, "83": 57.632338194940644}