{"0": 50.0, "1": 56.81818181818182, "8": 58.92255892255893, "44": 98.20426487093154, "48": 97.29236812570147, "134": 98.4287317620651, "61544": 98.75140291806959}