{"0": 50.0, "1": 64.28571428571429, "8": 64.28571428571429, "44": 82.34728234728234, "48": 94.75709475709476, "134": 94.92544492544494, "61544": 99.66329966329965}