{"0": 50.0, "1": 95.82051282051282, "53": 97.91025641025641, "274": 100.0}