{"0": 50.0, "1": 89.98924731182795, "53": 94.99462365591398, "274": 100.0}