{"0": 50.0, "1": 86.64285714285714, "47": 91.0952380952381, "209": 100.0}