{"0": 50.0, "1": 89.98924731182795, "29": 94.99462365591398, "176": 100.0}