{"0": 50.0, "1": 95.82051282051282, "29": 97.91025641025641, "176": 100.0}