{"0": 50.0, "1": 49.50819672131148, "19": 66.33879781420765, "182": 83.16939890710383, "228": 100.0}