{"0": 50.0, "1": 89.04308044224172, "19": 92.69538696149448, "182": 96.34769348074724, "228": 100.0}