{"0": 50.0, "1": 93.73076923076923, "46": 50.0, "71": 95.82051282051282, "508": 97.91025641025641, "522": 100.0}