{"0": 50.0, "1": 79.6875, "82": 89.375, "83": 89.84375, "810": 90.0, "144811": 99.84375}