{"0": 50.0, "1": 78.25892857142857, "82": 89.07738095238095, "83": 89.23363095238095, "810": 89.28571428571428, "144811": 100.0}