{"0": 50.0, "1": 91.0952380952381, "33": 95.54761904761905, "230": 100.0}