{"0": 50.0, "1": 86.64285714285714, "33": 91.0952380952381, "202": 95.54761904761905, "203": 100.0}