{"0": 50.0, "1": 91.0952380952381, "16": 95.54761904761905, "217": 100.0}