{"0": 50.0, "1": 88.0952380952381, "2572": 95.23809523809524, "206022": 100.0}