{"0": 50.0, "1": 56.81818181818182, "58": 98.47494553376907, "71": 96.37304416716182, "157": 99.78213507625273, "200": 99.94553376906319}