{"0": 50.0, "1": 64.28571428571429, "58": 82.93650793650794, "71": 92.36694677871148, "157": 92.53034547152194, "200": 99.67320261437908}