{"0": 50.0, "1": 91.0952380952381, "45": 95.54761904761905, "224": 100.0}