{"0": 50.0, "4": 55.0, "27": 55.0, "69": 69.0228013029316, "222": 89.0228013029316}