{"0": 50.0, "4": 52.4457111834962, "27": 52.5, "69": 84.34853420195441, "222": 96.685667752443}