{"0": 50.0, "45": 66.61220043572985, "61": 66.66666666666667, "795": 75.0, "92377": 100.0}