{"0": 50.0, "1": 86.64285714285714, "20": 91.0952380952381, "173": 95.54761904761905, "180": 100.0}